Country,Currency,Year,GDP
Albania,lek,2000,445037000000.0
Argentina,Argentine peso                          ,2000,228715000000.0
Armenia,dram,2000,1155660000000.0
Australia,Australian dollar     ,2000,555061000000.0
Austria,1999 ATS euro / euro,2000,152842000000.0
Azerbaijan,Azerbaijan new manat,2000,12572400000000.0
Bahamas,Bahamian dollar,2000,3344800000.0
Bahrain,Bahrain dinar                           ,2000,1825372513.0
Bangladesh,taka,2000,1584340000000.0
Belarus,Belarussian rouble (re-denom. 1:1000),2000,2539100000000.0
Belgium,1999 BEF euro / euro,2000,193333000000.0
Belize,Belize dollar                           ,2000,1081250000.0
Benin,CFA franc                               ,2000,717413000000.0
Bhutan,Ngultum,2000,13746900000.0
Bolivia,boliviano                               ,2000,19296126624.0
Botswana,pula                                    ,2000,9038885659.0
Brazil,real,2000,875601000000.0
Brunei Darussalam,Brunei Dollar,2000,5240000000.0
Bulgaria,lev (re-denom. 1:1000),2000,11060100000000.0
Burkina Faso,CFA Franc,2000,1825650000000.0
Cambodia,riel                                    ,2000,9738750000000.0
Cameroon,CFA franc,2000,4652070000000.0
Canada,Canadian dollar,2000,773918000000.0
Cape Verde,escudo                                  ,2000,20989362000.0
Chad,CFA Franc,2000,862997000000.0
Chile,Chilean peso                            ,2000,16475100000000.0
"China, Hong Kong Special Administrative Region",Hong Kong dollar,2000,766229000000.0
"China, Macao Special Administrative Region",pataca                                  ,2000,25851414705.0
Colombia,Colombian peso                          ,2000,62346300000000.0
Costa Rica,Costa Rican colon                       ,2000,1126860000000.0
Cote d'Ivoire,CFA franc                               ,2000,3204380000000.0
Croatia,kuna                                    ,2000,117244000000.0
Cuba,Cuban Peso,2000,21194600000.0
Cyprus,Cyprus pound,2000,4268000000.0
Czech Republic,Czech koruna,2000,1422310000000.0
Denmark,Danish krone,2000,889338000000.0
Dominican Republic,Dominican peso,2000,186988000000.0
Ecuador,US dollar                               ,2000,82150606000.0
Egypt,Egyptian pound                          ,2000,274300000000.0
El Salvador,US dollars,2000,32858250000.0
Estonia,Estonian Kroon,2000,63611906349.0
Finland,1999 FIM euro / euro,2000,88964666667.0
France,1999 FRF euro / euro,2000,1084820000000.0
Germany,1999 DEM euro / euro,2000,1998040000000.0
Greece,2001 GRD euro / euro,2000,113122000000.0
Guatemala,quetzal,2000,4392000000.0
Honduras,lempira,2000,47633715933.0
Hungary,Forint,2000,8090870000000.0
Iceland,Icelandic króna       ,2000,452022000000.0
India,Indian rupee,2000,13540400000000.0
Indonesia,Indonesian Rupiah,2000,626362000000000.0
Iran (Islamic Republic of),Iranian rial                            ,2000,122127000000000.0
Ireland,1999 IEP euro / euro      ,2000,52889528826.0
Israel,new sheqel                              ,2000,369164000000.0
Italy,1999 ITL euro / euro,2000,861046000000.0
Japan,yen,2000,370469000000000.0
Kazakhstan,tenge,2000,1745360000000.0
Kenya,Kenya Shillings,2000,469219000000.0
"Korea, Republic of",Korean won,2000,332356000000000.0
Kuwait,Kuwaiti dinar                           ,2000,7000500000.0
Kyrgyzstan,Kyrgyz som                              ,2000,45823400000.0
Latvia,lats                                    ,2000,3259774500.0
Lesotho,loti                                    ,2000,3953358008.0
Lithuania,Litas,2000,35251980237.0
Luxembourg,1999 LUF Euro / Euro     ,2000,11572568791.0
Madagascar,Ariary,2000,412972000000.0
Malawi,Malawi kwacha,2000,11015000000.0
Malaysia,ringgit   ,2000,155704000000.0
Maldives,rufiyaa                                 ,2000,3608600000.0
Mali,CFA franc                               ,2000,881510000000.0
Malta,Maltese liri,2000,1439776000.0
Mauritius,Mauritian rupee                         ,2000,54035000000.0
Mexico,Mexican new peso,2000,1263950000000.0
Morocco,Moroccan dirham                         ,2000,118444000000.0
Mozambique,Metical,2000,39586700000000.0
Namibia,Namibia dollar                          ,2000,13973000000.0
Netherlands,Namibia dollar                          ,2000,282026000000.0
New Zealand,Namibia dollar                          ,2000,81365000000.0
Nicaragua,Namibia dollar                          ,2000,24840708991.0
Niger,Namibia dollar                          ,2000,810954000000.0
Norway,Namibia dollar                          ,2000,787083000000.0
Occupied Palestinian Territory,Namibia dollar                          ,2000,5174275716.0
Oman,Namibia dollar                          ,2000,4448780000.0
Pakistan,Namibia dollar                          ,2000,1904110000000.0
Panama,Namibia dollar                          ,2000,7009400000.0
Papua New Guinea,Namibia dollar                          ,2000,4744148259.0
Paraguay,Namibia dollar                          ,2000,11744000000000.0
Peru,Namibia dollar                          ,2000,97762000000.0
Philippines,Namibia dollar                          ,2000,831715000000.0
Poland,Namibia dollar                          ,2000,501371000000.0
Portugal,Namibia dollar                          ,2000,90890400000.0
Puerto Rico,Namibia dollar                          ,2000,9684000000.0
Qatar,Namibia dollar                          ,2000,20900000000.0
Republic of Moldova,Namibia dollar                          ,2000,12993150000.0
Romania,Namibia dollar                          ,2000,245746000000000.0
Russian Federation,Namibia dollar                          ,2000,2995450000000.0
Rwanda,Namibia dollar                          ,2000,515655000000.0
Saint Lucia,Namibia dollar                          ,2000,1095130000.0
San Marino,Namibia dollar                          ,2000,415000000.0
Saudi Arabia,Namibia dollar                          ,2000,450214000000.0
Senegal,Namibia dollar                          ,2000,2313520000000.0
Singapore,Namibia dollar                          ,2000,80931000000.0
Slovakia,Namibia dollar                          ,2000,616494000000.0
Slovenia,Namibia dollar                          ,2000,2890090000000.0
South Africa,Namibia dollar                          ,2000,665931000000.0
Spain,Namibia dollar                          ,2000,445977000000.0
Sri Lanka,Namibia dollar                          ,2000,738074000000.0
Sweden,Namibia dollar                          ,2000,1638160000000.0
Switzerland,Namibia dollar                          ,2000,282670000000.0
Syrian Arab Republic,Namibia dollar                          ,2000,588125000000.0
Tanzania - Mainland,Namibia dollar                          ,2000,4739920000000.0
Thailand,Namibia dollar                          ,2000,1900850000000.0
The former Yugoslav Republic of Macedonia,Namibia dollar                          ,2000,203920000000.0
Trinidad and Tobago,Namibia dollar                          ,2000,35621000000.0
Tunisia,Namibia dollar                          ,2000,13160000000.0
Turkey,Namibia dollar                          ,2000,30380400000000.0
Turks and Caicos Islands,Namibia dollar                          ,2000,133068000.0
Uganda,Namibia dollar                          ,2000,8266960000000.0
Ukraine,Namibia dollar                          ,2000,102472000000.0
United Kingdom,Namibia dollar                          ,2000,814038000000.0
United States,Namibia dollar                          ,2000,7735500000000.0
Uruguay,Namibia dollar                          ,2000,274891000.0
Venezuela,Namibia dollar                          ,2000,14160700000000.0
Viet Nam,Namibia dollar                          ,2000,200665000000000.0
Zambia,Namibia dollar                          ,2000,2013530000000.0
Zimbabwe,Namibia dollar                          ,2000,19618000000.0
Albania,lek,2001,453037000000.0
Argentina,Argentine peso                          ,2001,216919000000.0
Armenia,dram,2001,1222820000000.0
Australia,Australian dollar     ,2001,580319000000.0
Austria,1999 ATS euro / euro,2001,153699000000.0
Azerbaijan,Azerbaijan new manat,2001,13611800000000.0
Bahamas,Bahamian dollar,2001,3492700000.0
Bahrain,Bahrain dinar                           ,2001,1885162372.0
Bangladesh,taka,2001,1659240000000.0
Belarus,Belarussian rouble (re-denom. 1:1000),2001,7935600000000.0
Belgium,1999 BEF euro / euro,2001,196036000000.0
Belize,Belize dollar                           ,2001,1578600000.0
Benin,CFA franc                               ,2001,753345000000.0
Bhutan,Ngultum,2001,14662100000.0
Bolivia,boliviano                               ,2001,19581578962.0
Botswana,pula                                    ,2001,9012539593.0
Brazil,real,2001,941319000000.0
Brunei Darussalam,Brunei Dollar,2001,5596000000.0
Bulgaria,lev (re-denom. 1:1000),2001,12185100000000.0
Burkina Faso,CFA Franc,2001,1957780000000.0
Cambodia,riel                                    ,2001,11000900000000.0
Cameroon,CFA franc,2001,4828550000000.0
Canada,Canadian dollar,2001,794649000000.0
Cape Verde,escudo                                  ,2001,21777031000.0
Chad,CFA Franc,2001,870134000000.0
Chile,Chilean peso                            ,2001,27350200000000.0
"China, Hong Kong Special Administrative Region",Hong Kong dollar,2001,892132000000.0
"China, Macao Special Administrative Region",pataca                                  ,2001,26332262866.0
Colombia,Colombian peso                          ,2001,63764500000000.0
Costa Rica,Costa Rican colon                       ,2001,1143160000000.0
Croatia,kuna                                    ,2001,121549000000.0
Cuba,Cuban Peso,2001,25134733333.0
Cyprus,Cyprus pound,2001,4509266667.0
Czech Republic,Czech koruna,2001,1466380000000.0
Denmark,Danish krone,2001,896490000000.0
Dominican Republic,Dominican peso,2001,193524000000.0
Ecuador,US dollar                               ,2001,12442886000.0
Egypt,Egyptian pound                          ,2001,303950000000.0
El Salvador,US dollars,2001,33923600000.0
Estonia,Estonian Kroon,2001,66601213640.0
Finland,1999 FIM euro / euro,2001,90694000000.0
France,1999 FRF euro / euro,2001,1111570000000.0
Germany,1999 DEM euro / euro,2001,1576970000000.0
Greece,2001 GRD euro / euro,2001,115706000000.0
Guatemala,quetzal,2001,70973290908.0
Honduras,lempira,2001,49951254280.0
Hungary,Forint,2001,8469700000000.0
Iceland,Icelandic króna       ,2001,446268000000.0
India,Indian rupee,2001,14767400000000.0
Indonesia,Indonesian Rupiah,2001,650704000000000.0
Iran (Islamic Republic of),Iranian rial                            ,2001,127142000000000.0
Ireland,1999 IEP euro / euro      ,2001,56429874885.0
Israel,new sheqel                              ,2001,422673000000.0
Italy,1999 ITL euro / euro,2001,874124000000.0
Japan,yen,2001,377174000000000.0
Kazakhstan,tenge,2001,2107690000000.0
Kenya,Kenya Shillings,2001,490425000000.0
"Korea, Republic of",Korean won,2001,347726000000000.0
Kuwait,Kuwaiti dinar                           ,2001,7081000000.0
Kyrgyzstan,Kyrgyz som                              ,2001,56819000000.0
Latvia,lats                                    ,2001,3457043500.0
Lesotho,loti                                    ,2001,3871974708.0
Lithuania,Litas,2001,36241199122.0
Luxembourg,1999 LUF Euro / Euro     ,2001,12124973571.0
Madagascar,Ariary,2001,429602000000.0
Malawi,Malawi kwacha,2001,10098000000.0
Malaysia,ringgit   ,2001,164109000000.0
Maldives,rufiyaa                                 ,2001,3682900000.0
Mali,CFA franc                               ,2001,941352000000.0
Malta,Maltese liri,2001,1450140000.0
Mauritius,Mauritian rupee                         ,2001,55860000000.0
Mexico,Mexican new peso,2001,1288230000000.0
Morocco,Moroccan dirham                         ,2001,123743000000.0
Mozambique,Metical,2001,40698200000000.0
Namibia,Namibia dollar                          ,2001,14429000000.0
Netherlands,Namibia dollar                          ,2001,301367000000.0
New Zealand,Namibia dollar                          ,2001,83849000000.0
Nicaragua,Namibia dollar                          ,2001,25773374698.0
Niger,Namibia dollar                          ,2001,847989000000.0
Norway,Namibia dollar                          ,2001,822601000000.0
Occupied Palestinian Territory,Namibia dollar                          ,2001,5129663083.0
Oman,Namibia dollar                          ,2001,4507946000.0
Pakistan,Namibia dollar                          ,2001,1917530000000.0
Panama,Namibia dollar                          ,2001,8719500000.0
Papua New Guinea,Namibia dollar                          ,2001,4397461250.0
Paraguay,Namibia dollar                          ,2001,11903000000000.0
Peru,Namibia dollar                          ,2001,98921000000.0
Philippines,Namibia dollar                          ,2001,854424000000.0
Poland,Namibia dollar                          ,2001,511383000000.0
Portugal,Namibia dollar                          ,2001,92458850000.0
Puerto Rico,Namibia dollar                          ,2001,9983000000.0
Qatar,Namibia dollar                          ,2001,20883500000.0
Republic of Moldova,Namibia dollar                          ,2001,17220839000.0
Romania,Namibia dollar                          ,2001,367976000000000.0
Russian Federation,Namibia dollar                          ,2001,3571610000000.0
Rwanda,Namibia dollar                          ,2001,548275000000.0
Saint Lucia,Namibia dollar                          ,2001,1012260000.0
San Marino,Namibia dollar                          ,2001,412000000.0
Saudi Arabia,Namibia dollar                          ,2001,452970000000.0
Senegal,Namibia dollar                          ,2001,3032370000000.0
Sierra Leone,Namibia dollar                          ,2001,3966480000000.0
Singapore,Namibia dollar                          ,2001,84017475000.0
Slovakia,Namibia dollar                          ,2001,647284000000.0
Slovenia,Namibia dollar                          ,2001,3100700000000.0
South Africa,Namibia dollar                          ,2001,688247000000.0
Spain,Namibia dollar                          ,2001,460622000000.0
Sri Lanka,Namibia dollar                          ,2001,880330000000.0
Sweden,Namibia dollar                          ,2001,1647110000000.0
Switzerland,Namibia dollar                          ,2001,289409000000.0
Syrian Arab Republic,Namibia dollar                          ,2001,694233000000.0
Tajikistan,Namibia dollar                          ,2001,1932600000.0
Tanzania - Mainland,Namibia dollar                          ,2001,4919500000000.0
Thailand,Namibia dollar                          ,2001,1974670000000.0
The former Yugoslav Republic of Macedonia,Namibia dollar                          ,2001,211391000000.0
Trinidad and Tobago,Namibia dollar                          ,2001,35651000000.0
Tunisia,Namibia dollar                          ,2001,13900000000.0
Turkey,Namibia dollar                          ,2001,27613400000000.0
Turks and Caicos Islands,Namibia dollar                          ,2001,140184000.0
Uganda,Namibia dollar                          ,2001,8744860000000.0
Ukraine,Namibia dollar                          ,2001,139844000000.0
United Kingdom,Namibia dollar                          ,2001,838238000000.0
United States,Namibia dollar                          ,2001,7942750000000.0
Uruguay,Namibia dollar                          ,2001,269000000.0
Venezuela,Namibia dollar                          ,2001,15032000000000.0
Viet Nam,Namibia dollar                          ,2001,210027000000000.0
Zambia,Namibia dollar                          ,2001,1845170000000.0
Zimbabwe,Namibia dollar                          ,2001,25978000000.0
Albania,lek,2002,506549000000.0
Argentina,Argentine peso                          ,2002,189087000000.0
Armenia,dram,2002,1338670000000.0
Australia,Australian dollar     ,2002,601353000000.0
Austria,1999 ATS euro / euro,2002,154530000000.0
Azerbaijan,Azerbaijan new manat,2002,10902700000000.0
Bahamas,Bahamian dollar,2002,3457700000.0
Bahrain,Bahrain dinar                           ,2002,1960651024.0
Bangladesh,taka,2002,1753190000000.0
Belarus,Belarussian rouble (re-denom. 1:1000),2002,14692200000000.0
Belgium,1999 BEF euro / euro,2002,198424000000.0
Belize,Belize dollar                           ,2002,1699100000.0
Benin,CFA franc                               ,2002,794104000000.0
Bhutan,Ngultum,2002,15790900000.0
Bolivia,boliviano                               ,2002,20018917085.0
Botswana,pula                                    ,2002,8751491819.0
Brazil,real,2002,1034820000000.0
Brunei Darussalam,Brunei Dollar,2002,5557000000.0
Bulgaria,lev (re-denom. 1:1000),2002,27532701000.0
Burkina Faso,CFA Franc,2002,2005560000000.0
Cambodia,riel                                    ,2002,14776900000000.0
Cameroon,CFA franc,2002,5035740000000.0
Canada,Canadian dollar,2002,821125000000.0
Cape Verde,escudo                                  ,2002,23229237000.0
Chad,CFA Franc,2002,897453000000.0
Chile,Chilean peso                            ,2002,28024600000000.0
"China, Hong Kong Special Administrative Region",Hong Kong dollar,2002,888068000000.0
"China, Macao Special Administrative Region",pataca                                  ,2002,27474702261.0
Colombia,Colombian peso                          ,2002,65155700000000.0
Costa Rica,Costa Rican colon                       ,2002,1177680000000.0
Croatia,kuna                                    ,2002,131542000000.0
Cuba,Cuban Peso,2002,25872800000.0
Cyprus,Cyprus pound,2002,4725100000.0
Czech Republic,Czech koruna,2002,1520040000000.0
Denmark,Danish krone,2002,909580000000.0
Dominican Republic,Dominican peso,2002,204469000000.0
Ecuador,US dollar                               ,2002,13231746000.0
Egypt,Egyptian pound                          ,2002,333900000000.0
El Salvador,US dollars,2002,34506650000.0
Estonia,Estonian Kroon,2002,80455263160.0
Finland,1999 FIM euro / euro,2002,95892500000.0
France,1999 FRF euro / euro,2002,1137490000000.0
Germany,1999 DEM euro / euro,2002,1574580000000.0
Greece,2001 GRD euro / euro,2002,120791000000.0
Guatemala,quetzal,2002,73101320717.0
Honduras,lempira,2002,51978005755.0
Hungary,Forint,2002,9321080000000.0
Iceland,Icelandic króna       ,2002,477395000000.0
India,Indian rupee,2002,14564500000000.0
Indonesia,Indonesian Rupiah,2002,681502000000000.0
Iran (Islamic Republic of),Iranian rial                            ,2002,238717000000000.0
Ireland,1999 IEP euro / euro      ,2002,59028795522.0
Israel,new sheqel                              ,2002,432329000000.0
Italy,1999 ITL euro / euro,2002,880175000000.0
Japan,yen,2002,381758000000000.0
Kazakhstan,tenge,2002,2389930000000.0
Kenya,Kenya Shillings,2002,495249000000.0
"Korea, Republic of",Korean won,2002,372064000000000.0
Kuwait,Kuwaiti dinar                           ,2002,8021000000.0
Kyrgyzstan,Kyrgyz som                              ,2002,63035000000.0
Latvia,lats                                    ,2002,4459159000.0
Lesotho,loti                                    ,2002,4039282045.0
Lithuania,Litas,2002,42850125345.0
Luxembourg,1999 LUF Euro / Euro     ,2002,12659184336.0
Madagascar,Ariary,2002,412409000000.0
Malawi,Malawi kwacha,2002,12674000000.0
Malaysia,ringgit   ,2002,173329000000.0
Maldives,rufiyaa                                 ,2002,3844300000.0
Mali,CFA franc                               ,2002,939095000000.0
Malta,Maltese liri,2002,1444625000.0
Mauritius,Mauritian rupee                         ,2002,57921000000.0
Mexico,Mexican new peso,2002,1305700000000.0
Morocco,Moroccan dirham                         ,2002,127950000000.0
Mozambique,Metical,2002,49717100000000.0
Namibia,Namibia dollar                          ,2002,14927000000.0
Netherlands,Namibia dollar                          ,2002,306684000000.0
New Zealand,Namibia dollar                          ,2002,87383000000.0
Nicaragua,Namibia dollar                          ,2002,27127147279.0
Niger,Namibia dollar                          ,2002,901158000000.0
Norway,Namibia dollar                          ,2002,848850000000.0
Occupied Palestinian Territory,Namibia dollar                          ,2002,4960500497.0
Oman,Namibia dollar                          ,2002,4871088000.0
Pakistan,Namibia dollar                          ,2002,3299360000000.0
Panama,Namibia dollar                          ,2002,9355600000.0
Papua New Guinea,Namibia dollar                          ,2002,5288779842.0
Paraguay,Namibia dollar                          ,2002,11104000000000.0
Peru,Namibia dollar                          ,2002,103229000000.0
Philippines,Namibia dollar                          ,2002,883311000000.0
Poland,Namibia dollar                          ,2002,629494000000.0
Portugal,Namibia dollar                          ,2002,93870000000.0
Puerto Rico,Namibia dollar                          ,2002,10330000000.0
Qatar,Namibia dollar                          ,2002,23675000000.0
Republic of Moldova,Namibia dollar                          ,2002,21125541000.0
Romania,Namibia dollar                          ,2002,521643000000000.0
Russian Federation,Namibia dollar                          ,2002,6648630000000.0
Rwanda,Namibia dollar                          ,2002,612548000000.0
Saint Lucia,Namibia dollar                          ,2002,1115520000.0
San Marino,Namibia dollar                          ,2002,407000000.0
Saudi Arabia,Namibia dollar                          ,2002,459372000000.0
Senegal,Namibia dollar                          ,2002,3160310000000.0
Sierra Leone,Namibia dollar                          ,2002,4060120000000.0
Singapore,Namibia dollar                          ,2002,92190633333.0
Slovakia,Namibia dollar                          ,2002,681150000000.0
Slovenia,Namibia dollar                          ,2002,3292140000000.0
South Africa,Namibia dollar                          ,2002,711943000000.0
Spain,Namibia dollar                          ,2002,475170000000.0
Sri Lanka,Namibia dollar                          ,2002,1087920000000.0
Sweden,Namibia dollar                          ,2002,1678250000000.0
Switzerland,Namibia dollar                          ,2002,290741000000.0
Syrian Arab Republic,Namibia dollar                          ,2002,719767000000.0
Tajikistan,Namibia dollar                          ,2002,2807700000.0
Tanzania - Mainland,Namibia dollar                          ,2002,5284570000000.0
Thailand,Namibia dollar                          ,2002,2068710000000.0
The former Yugoslav Republic of Macedonia,Namibia dollar                          ,2002,235816000000.0
Trinidad and Tobago,Namibia dollar                          ,2002,37776000000.0
Tunisia,Namibia dollar                          ,2002,14455000000.0
Turkey,Namibia dollar                          ,2002,28296600000000.0
Turks and Caicos Islands,Namibia dollar                          ,2002,147970000.0
Uganda,Namibia dollar                          ,2002,9228430000000.0
Ukraine,Namibia dollar                          ,2002,164095000000.0
United Kingdom,Namibia dollar                          ,2002,867334000000.0
United States,Namibia dollar                          ,2002,8199850000000.0
Uruguay,Namibia dollar                          ,2002,226000000.0
Venezuela,Namibia dollar                          ,2002,14097200000000.0
Viet Nam,Namibia dollar                          ,2002,225609000000000.0
Zambia,Namibia dollar                          ,2002,2082320000000.0
Zimbabwe,Namibia dollar                          ,2002,31229000000.0
Albania,lek,2003,585719000000.0
Argentina,Argentine peso                          ,2003,202265000000.0
Armenia,dram,2003,1449340000000.0
Australia,Australian dollar     ,2003,648072000000.0
Austria,1999 ATS euro / euro,2003,156451000000.0
Azerbaijan,Azerbaijan new manat,2003,12756100000000.0
Bahamas,Bahamian dollar,2003,3543270000.0
Bahrain,Bahrain dinar                           ,2003,2082310145.0
Bangladesh,taka,2003,1825410000000.0
Belarus,Belarussian rouble (re-denom. 1:1000),2003,22178000000000.0
Belgium,1999 BEF euro / euro,2003,207569000000.0
Belize,Belize dollar                           ,2003,1758800000.0
Benin,CFA franc                               ,2003,835632000000.0
Bhutan,Ngultum,2003,17323400000.0
Bolivia,boliviano                               ,2003,20441779271.0
Botswana,pula                                    ,2003,9902660142.0
Brazil,real,2003,1128350000000.0
Brunei Darussalam,Brunei Dollar,2003,5909000000.0
Bulgaria,lev (re-denom. 1:1000),2003,30607108000.0
Burkina Faso,CFA Franc,2003,2103240000000.0
Cambodia,riel                                    ,2003,15920200000000.0
Cameroon,CFA franc,2003,5314040000000.0
Canada,Canadian dollar,2003,846296000000.0
Cape Verde,escudo                                  ,2003,25486910000.0
Chad,CFA Franc,2003,946195000000.0
Chile,Chilean peso                            ,2003,33694800000000.0
"China, Hong Kong Special Administrative Region",Hong Kong dollar,2003,881534000000.0
"China, Macao Special Administrative Region",pataca                                  ,2003,28787332950.0
Colombia,Colombian peso                          ,2003,66264300000000.0
Costa Rica,Costa Rican colon                       ,2003,1210500000000.0
Croatia,kuna                                    ,2003,137572000000.0
Cuba,Cuban Peso,2003,27486633333.0
Cyprus,Cyprus pound,2003,4851600000.0
Czech Republic,Czech koruna,2003,1596530000000.0
Denmark,Danish krone,2003,917809000000.0
Dominican Republic,Dominican peso,2003,194370000000.0
Ecuador,US dollar                               ,2003,13856637000.0
Egypt,Egyptian pound                          ,2003,343000000000.0
El Salvador,US dollars,2003,35168325000.0
Estonia,Estonian Kroon,2003,88678126227.0
Finland,1999 FIM euro / euro,2003,99359000000.0
France,1999 FRF euro / euro,2003,1158960000000.0
Germany,1999 DEM euro / euro,2003,1576420000000.0
Greece,2001 GRD euro / euro,2003,124805000000.0
Guatemala,quetzal,2003,75507368824.0
Honduras,lempira,2003,54183578507.0
Hungary,Forint,2003,12034900000000.0
Iceland,Icelandic króna       ,2003,502010000000.0
India,Indian rupee,2003,15978400000000.0
Indonesia,Indonesian Rupiah,2003,712659000000000.0
Iran (Islamic Republic of),Iranian rial                            ,2003,249590000000000.0
Ireland,1999 IEP euro / euro      ,2003,60681277420.0
Israel,new sheqel                              ,2003,431840000000.0
Italy,1999 ITL euro / euro,2003,892508000000.0
Japan,yen,2003,384844000000000.0
Kazakhstan,tenge,2003,2781980000000.0
Kenya,Kenya Shillings,2003,510184000000.0
"Korea, Republic of",Korean won,2003,430077000000000.0
Kuwait,Kuwaiti dinar                           ,2003,8377500000.0
Kyrgyzstan,Kyrgyz som                              ,2003,77340700000.0
Latvia,lats                                    ,2003,4759444000.0
Lesotho,loti                                    ,2003,4227054620.0
Lithuania,Litas,2003,46979216870.0
Luxembourg,1999 LUF Euro / Euro     ,2003,12949094263.0
Madagascar,Ariary,2003,456429000000.0
Malawi,Malawi kwacha,2003,108818000000.0
Malaysia,ringgit   ,2003,187280000000.0
Maldives,rufiyaa                                 ,2003,4134851931.0
Mali,CFA franc                               ,2003,944016000000.0
Malta,Maltese liri,2003,1498418000.0
Mauritius,Mauritian rupee                         ,2003,60674000000.0
Mexico,Mexican new peso,2003,1332550000000.0
Morocco,Moroccan dirham                         ,2003,133627000000.0
Mozambique,Metical,2003,53890500000000.0
Namibia,Namibia dollar                          ,2003,14245000000.0
Netherlands,Namibia dollar                          ,2003,307819000000.0
New Zealand,Namibia dollar                          ,2003,92591000000.0
Nicaragua,Namibia dollar                          ,2003,27698024108.0
Niger,Namibia dollar                          ,2003,959070000000.0
Norway,Namibia dollar                          ,2003,869375000000.0
Occupied Palestinian Territory,Namibia dollar                          ,2003,5376321875.0
Oman,Namibia dollar                          ,2003,5146652000.0
Pakistan,Namibia dollar                          ,2003,3337410000000.0
Panama,Namibia dollar                          ,2003,10040400000.0
Papua New Guinea,Namibia dollar                          ,2003,4415586319.0
Paraguay,Namibia dollar                          ,2003,11367000000000.0
Peru,Namibia dollar                          ,2003,106770000000.0
Philippines,Namibia dollar                          ,2003,928017000000.0
Poland,Namibia dollar                          ,2003,645139000000.0
Portugal,Namibia dollar                          ,2003,93787700000.0
Puerto Rico,Namibia dollar                          ,2003,10705000000.0
Qatar,Namibia dollar                          ,2003,24395000000.0
Republic of Moldova,Namibia dollar                          ,2003,26864911000.0
Romania,Namibia dollar                          ,2003,689045000000000.0
Russian Federation,Namibia dollar                          ,2003,7471290000000.0
Saint Lucia,Namibia dollar                          ,2003,1384560000.0
San Marino,Namibia dollar                          ,2003,410000000.0
Saudi Arabia,Namibia dollar                          ,2003,468370000000.0
Senegal,Namibia dollar                          ,2003,3317490000000.0
Sierra Leone,Namibia dollar                          ,2003,3818500000000.0
Singapore,Namibia dollar                          ,2003,92625466667.0
Slovakia,Namibia dollar                          ,2003,686650000000.0
Slovenia,Namibia dollar                          ,2003,3533130000000.0
South Africa,Namibia dollar                          ,2003,833652000000.0
Spain,Namibia dollar                          ,2003,490576000000.0
Sri Lanka,Namibia dollar                          ,2003,1181060000000.0
Sweden,Namibia dollar                          ,2003,1746570000000.0
Switzerland,Namibia dollar                          ,2003,308881000000.0
Syrian Arab Republic,Namibia dollar                          ,2003,773391000000.0
Tajikistan,Namibia dollar                          ,2003,3608700000.0
Tanzania - Mainland,Namibia dollar                          ,2003,5618840000000.0
Thailand,Namibia dollar                          ,2003,2191560000000.0
The former Yugoslav Republic of Macedonia,Namibia dollar                          ,2003,234645000000.0
Trinidad and Tobago,Namibia dollar                          ,2003,38483000000.0
Tunisia,Namibia dollar                          ,2003,15191000000.0
Turkey,Namibia dollar                          ,2003,29873500000000.0
Uganda,Namibia dollar                          ,2003,9610040000000.0
Ukraine,Namibia dollar                          ,2003,187440000000.0
United Kingdom,Namibia dollar                          ,2003,915636000000.0
United States,Namibia dollar                          ,2003,8854600000000.0
Uruguay,Namibia dollar                          ,2003,229000000.0
Venezuela,Namibia dollar                          ,2003,27190000000000.0
Viet Nam,Namibia dollar                          ,2003,243515000000000.0
Zambia,Namibia dollar                          ,2003,2222170000000.0
Zimbabwe,Namibia dollar                          ,2003,17982000000.0
Albania,lek,2004,652019000000.0
Argentina,Argentine peso                          ,2004,219152000000.0
Armenia,dram,2004,1630640000000.0
Australia,Australian dollar     ,2004,685550000000.0
Austria,1999 ATS euro / euro,2004,164494000000.0
Azerbaijan,Azerbaijan new manat,2004,14142900000000.0
Bahamas,Bahamian dollar,2004,3609940000.0
Bahrain,Bahrain dinar                           ,2004,2144198455.0
Bangladesh,taka,2004,1892670000000.0
Belarus,Belarussian rouble (re-denom. 1:1000),2004,30648800000000.0
Belgium,1999 BEF euro / euro,2004,211268000000.0
Belize,Belize dollar                           ,2004,1754100000.0
Benin,CFA franc                               ,2004,834846000000.0
Bhutan,Ngultum,2004,17997700000.0
Bolivia,boliviano                               ,2004,21043316015.0
Botswana,pula                                    ,2004,9823871251.0
Brazil,real,2004,1332450000000.0
Brunei Darussalam,Brunei Dollar,2004,6407853437.0
Bulgaria,lev (re-denom. 1:1000),2004,32603824000.0
Burkina Faso,CFA Franc,2004,2313600000000.0
Cambodia,riel                                    ,2004,17684800000000.0
Cameroon,CFA franc,2004,6221110000000.0
Canada,Canadian dollar,2004,873407000000.0
Cape Verde,escudo                                  ,2004,27700975870.0
Chad,CFA Franc,2004,996921000000.0
Chile,Chilean peso                            ,2004,35925900000000.0
"China, Hong Kong Special Administrative Region",Hong Kong dollar,2004,934125000000.0
"China, Macao Special Administrative Region",pataca                                  ,2004,29830061643.0
Colombia,Colombian peso                          ,2004,69456800000000.0
Costa Rica,Costa Rican colon                       ,2004,1244980000000.0
Croatia,kuna                                    ,2004,144115000000.0
Cuba,Cuban Peso,2004,29721950000.0
Cyprus,Cyprus pound,2004,5048800000.0
Czech Republic,Czech koruna,2004,1817380000000.0
Denmark,Danish krone,2004,948843000000.0
Dominican Republic,Dominican peso,2004,200363000000.0
Ecuador,US dollar                               ,2004,14484450000.0
El Salvador,US dollars,2004,8389916400.0
Estonia,Estonian Kroon,2004,93482658722.0
Finland,1999 FIM euro / euro,2004,102071000000.0
France,1999 FRF euro / euro,2004,1236730000000.0
Germany,1999 DEM euro / euro,2004,1573140000000.0
Greece,2001 GRD euro / euro,2004,130187000000.0
Guatemala,quetzal,2004,77597301239.0
Honduras,lempira,2004,56892840039.0
Hungary,Forint,2004,12284500000000.0
Iceland,Icelandic króna       ,2004,531343000000.0
India,Indian rupee,2004,18455700000000.0
Indonesia,Indonesian Rupiah,2004,1130360000000000.0
Iran (Islamic Republic of),Iranian rial                            ,2004,267805000000000.0
Ireland,1999 IEP euro / euro      ,2004,62817157846.0
Israel,new sheqel                              ,2004,443421000000.0
Italy,1999 ITL euro / euro,2004,901769000000.0
Japan,yen,2004,388706000000000.0
Kazakhstan,tenge,2004,3435470000000.0
Kenya,Kenya Shillings,2004,1033630000000.0
"Korea, Republic of",Korean won,2004,431962000000000.0
Kuwait,Kuwaiti dinar                           ,2004,8839000000.0
Kyrgyzstan,Kyrgyz som                              ,2004,85028300000.0
Latvia,lats                                    ,2004,5146025000.0
Lesotho,loti                                    ,2004,4496602714.0
Lithuania,Litas,2004,51761050016.0
Luxembourg,1999 LUF Euro / Euro     ,2004,13324344517.0
Madagascar,Ariary,2004,465277000000.0
Malawi,Malawi kwacha,2004,133771000000.0
Malaysia,ringgit   ,2004,204882000000.0
Maldives,rufiyaa                                 ,2004,4521636633.0
Mali,CFA franc                               ,2004,1075310000000.0
Malta,Maltese liri,2004,1529378000.0
Mauritius,Mauritian rupee                         ,2004,65071000000.0
Mexico,Mexican new peso,2004,1380060000000.0
Morocco,Moroccan dirham                         ,2004,142490000000.0
Mozambique,Metical,2004,56466100000000.0
Namibia,Namibia dollar                          ,2004,15202000000.0
Netherlands,Namibia dollar                          ,2004,308631000000.0
New Zealand,Namibia dollar                          ,2004,97207000000.0
Nicaragua,Namibia dollar                          ,2004,28513213489.0
Niger,Namibia dollar                          ,2004,985133000000.0
Norway,Namibia dollar                          ,2004,904727000000.0
Oman,Namibia dollar                          ,2004,5810444000.0
Pakistan,Namibia dollar                          ,2004,3642270000000.0
Panama,Namibia dollar                          ,2004,10436300000.0
Papua New Guinea,Namibia dollar                          ,2004,4877984679.0
Paraguay,Namibia dollar                          ,2004,11890000000000.0
Peru,Namibia dollar                          ,2004,110714000000.0
Philippines,Namibia dollar                          ,2004,979269000000.0
Poland,Namibia dollar                          ,2004,667267000000.0
Portugal,Namibia dollar                          ,2004,96024100000.0
Puerto Rico,Namibia dollar                          ,2004,11096000000.0
Qatar,Namibia dollar                          ,2004,28637000000.0
Republic of Moldova,Namibia dollar                          ,2004,31057056000.0
Romania,Namibia dollar                          ,2004,932311000000000.0
Russian Federation,Namibia dollar                          ,2004,7894270000000.0
Saint Lucia,Namibia dollar                          ,2004,1311700000.0
San Marino,Namibia dollar                          ,2004,416000000.0
Saudi Arabia,Namibia dollar                          ,2004,500161000000.0
Senegal,Namibia dollar                          ,2004,3466240000000.0
Sierra Leone,Namibia dollar                          ,2004,3795630000000.0
Singapore,Namibia dollar                          ,2004,97243000000.0
Slovakia,Namibia dollar                          ,2004,709182000000.0
Slovenia,Namibia dollar                          ,2004,4531580000000.0
South Africa,Namibia dollar                          ,2004,888520000000.0
Spain,Namibia dollar                          ,2004,511631000000.0
Sri Lanka,Namibia dollar                          ,2004,1323190000000.0
Sweden,Namibia dollar                          ,2004,1772250000000.0
Switzerland,Namibia dollar                          ,2004,312832000000.0
Syrian Arab Republic,Namibia dollar                          ,2004,868570000000.0
Tajikistan,Namibia dollar                          ,2004,4821500000.0
Tanzania - Mainland,Namibia dollar                          ,2004,9748540000000.0
Thailand,Namibia dollar                          ,2004,2326740000000.0
The former Yugoslav Republic of Macedonia,Namibia dollar                          ,2004,259187000000.0
Trinidad and Tobago,Namibia dollar                          ,2004,40728000000.0
Tunisia,Namibia dollar                          ,2004,15988000000.0
Turkey,Namibia dollar                          ,2004,33897575083.0
Uganda,Namibia dollar                          ,2004,9957780000000.0
Ukraine,Namibia dollar                          ,2004,221167000000.0
United Kingdom,Namibia dollar                          ,2004,961726000000.0
United States,Namibia dollar                          ,2004,9147900000000.0
Uruguay,Namibia dollar                          ,2004,250000000.0
Venezuela,Namibia dollar                          ,2004,31318700000000.0
Viet Nam,Namibia dollar                          ,2004,260940000000000.0
Zambia,Namibia dollar                          ,2004,3556500000000.0
Zimbabwe,Namibia dollar                          ,2004,23972000000.0
Albania,lek,2005,692036000000.0
Argentina,Argentine peso                          ,2005,237719000000.0
Armenia,dram,2005,1893990000000.0
Australia,Australian dollar     ,2005,711479000000.0
Austria,1999 ATS euro / euro,2005,167800000000.0
Azerbaijan,Azerbaijan new manat,2005,6527400000.0
Bahamas,Bahamian dollar,2005,3714630000.0
Bahrain,Bahrain dinar                           ,2005,2322725109.0
Bangladesh,taka,2005,1971300000000.0
Belarus,Belarussian rouble (re-denom. 1:1000),2005,41145200000000.0
Belgium,1999 BEF euro / euro,2005,217013000000.0
Belize,Belize dollar                           ,2005,1739200000.0
Benin,CFA franc                               ,2005,856163000000.0
Bhutan,Ngultum,2005,18917100000.0
Bolivia,boliviano                               ,2005,21744692842.0
Bosnia and Herzegovina,convertible marks,2005,19633000000.0
Botswana,pula                                    ,2005,10815719750.0
Brazil,real,2005,1468850000000.0
Brunei Darussalam,Brunei Dollar,2005,6357669785.0
Bulgaria,lev (re-denom. 1:1000),2005,35885863000.0
Burkina Faso,CFA Franc,2005,2321010000000.0
Cambodia,riel                                    ,2005,19762300000000.0
Cameroon,CFA franc,2005,6398040000000.0
Canada,Canadian dollar,2005,924284000000.0
Chad,CFA Franc,2005,1027210000000.0
Chile,Chilean peso                            ,2005,38564500000000.0
"China, Hong Kong Special Administrative Region",Hong Kong dollar,2005,926371000000.0
"China, Macao Special Administrative Region",pataca                                  ,2005,32250654204.0
Colombia,Colombian peso                          ,2005,72839800000000.0
Costa Rica,Costa Rican colon                       ,2005,1284610000000.0
Croatia,kuna                                    ,2005,171374000000.0
Cuba,Cuban Peso,2005,30989950000.0
Cyprus,Cyprus pound,2005,5245650000.0
Czech Republic,Czech koruna,2005,1856970000000.0
Denmark,Danish krone,2005,1047290000000.0
Dominican Republic,Dominican peso,2005,231308000000.0
Ecuador,US dollar                               ,2005,15481200000.0
El Salvador,US dollars,2005,8733749400.0
Estonia,Estonian Kroon,2005,102198000000.0
Finland,1999 FIM euro / euro,2005,105899000000.0
France,1999 FRF euro / euro,2005,1263730000000.0
Germany,1999 DEM euro / euro,2005,1627590000000.0
Greece,2001 GRD euro / euro,2005,147236000000.0
Guatemala,quetzal,2005,80722445638.0
Guinea,Guinean franc,2005,7866580000000.0
Honduras,lempira,2005,60776858155.0
Hungary,Forint,2005,12892400000000.0
Iceland,Icelandic króna       ,2005,696568000000.0
India,Indian rupee,2005,19854600000000.0
Indonesia,Indonesian Rupiah,2005,1178430000000000.0
Iran (Islamic Republic of),Iranian rial                            ,2005,284849000000000.0
Ireland,1999 IEP euro / euro      ,2005,68098293773.0
Israel,new sheqel                              ,2005,477204000000.0
Italy,1999 ITL euro / euro,2005,988237000000.0
Japan,yen,2005,395255000000000.0
Kazakhstan,tenge,2005,4236390000000.0
Kenya,Kenya Shillings,2005,1085870000000.0
"Korea, Republic of",Korean won,2005,448841000000000.0
Kuwait,Kuwaiti dinar                           ,2005,10021000000.0
Kyrgyzstan,Kyrgyz som                              ,2005,94395300000.0
Latvia,lats                                    ,2005,5629210000.0
Lesotho,loti                                    ,2005,4736387147.0
Lithuania,Litas,2005,57074325646.0
Luxembourg,1999 LUF Euro / Euro     ,2005,14646800000.0
Madagascar,Ariary,2005,475759000000.0
Malawi,Malawi kwacha,2005,19545000000.0
Malaysia,ringgit   ,2005,274642000000.0
Maldives,rufiyaa                                 ,2005,5600523363.0
Mali,CFA franc                               ,2005,1041580000000.0
Malta,Maltese liri,2005,1551652000.0
Mauritius,Mauritian rupee                         ,2005,69705000000.0
Mexico,Mexican new peso,2005,1445110000000.0
Mozambique,Metical,2005,60525700000000.0
Namibia,Namibia dollar                          ,2005,14980000000.0
Netherlands,Namibia dollar                          ,2005,327639000000.0
New Zealand,Namibia dollar                          ,2005,101764000000.0
Nicaragua,Namibia dollar                          ,2005,29446882299.0
Niger,Namibia dollar                          ,2005,977190000000.0
Norway,Namibia dollar                          ,2005,930530000000.0
Oman,Namibia dollar                          ,2005,6339021000.0
Pakistan,Namibia dollar                          ,2005,4067570000000.0
Panama,Namibia dollar                          ,2005,11278000000.0
Papua New Guinea,Namibia dollar                          ,2005,4997399980.0
Paraguay,Namibia dollar                          ,2005,12449000000000.0
Peru,Namibia dollar                          ,2005,116386000000.0
Philippines,Namibia dollar                          ,2005,1024230000000.0
Poland,Namibia dollar                          ,2005,700746000000.0
Portugal,Namibia dollar                          ,2005,110392000000.0
Puerto Rico,Namibia dollar                          ,2005,11249000000.0
Qatar,Namibia dollar                          ,2005,35136000000.0
Republic of Moldova,Namibia dollar                          ,2005,37883443000.0
Romania,Namibia dollar                          ,2005,1151920000000000.0
Russian Federation,Namibia dollar                          ,2005,8615690000000.0
Saint Lucia,Namibia dollar                          ,2005,1320460000.0
San Marino,Namibia dollar                          ,2005,425000000.0
Saudi Arabia,Namibia dollar                          ,2005,549896000000.0
Senegal,Namibia dollar                          ,2005,3639930000000.0
Sierra Leone,Namibia dollar                          ,2005,3883430000000.0
Singapore,Namibia dollar                          ,2005,102029000000.0
Slovakia,Namibia dollar                          ,2005,877398000000.0
Slovenia,Namibia dollar                          ,2005,4823890000000.0
South Africa,Namibia dollar                          ,2005,945186000000.0
Spain,Namibia dollar                          ,2005,585028000000.0
Sri Lanka,Namibia dollar                          ,2005,1364370000000.0
Sweden,Namibia dollar                          ,2005,1817760000000.0
Switzerland,Namibia dollar                          ,2005,316678000000.0
Syrian Arab Republic,Namibia dollar                          ,2005,966553000000.0
Tajikistan,Namibia dollar                          ,2005,6235200000.0
Tanzania - Mainland,Namibia dollar                          ,2005,10855300000000.0
Thailand,Namibia dollar                          ,2005,2450230000000.0
The former Yugoslav Republic of Macedonia,Namibia dollar                          ,2005,274285000000.0
Tunisia,Namibia dollar                          ,2005,16737000000.0
Turkey,Namibia dollar                          ,2005,36329835210.0
Uganda,Namibia dollar                          ,2005,10499900000000.0
Ukraine,Namibia dollar                          ,2005,284009000000.0
United Kingdom,Namibia dollar                          ,2005,994667000000.0
United States,Namibia dollar                          ,2005,9402300000000.0
Uruguay,Namibia dollar                          ,2005,260000000.0
Venezuela,Namibia dollar                          ,2005,35901700000000.0
Viet Nam,Namibia dollar                          ,2005,280320000000000.0
Zambia,Namibia dollar                          ,2005,3653940000000.0
Argentina,Argentine peso                          ,2006,255247000000.0
Armenia,dram,2006,2031750000000.0
Australia,Australian dollar     ,2006,748268000000.0
Austria,1999 ATS euro / euro,2006,171322000000.0
Azerbaijan,Azerbaijan new manat,2006,7403800000.0
Bahamas,Bahamian dollar,2006,3843110000.0
Bahrain,Bahrain dinar                           ,2006,2544523439.0
Bangladesh,taka,2006,2058720000000.0
Belarus,Belarussian rouble (re-denom. 1:1000),2006,51628300000000.0
Belgium,1999 BEF euro / euro,2006,227878000000.0
Belize,Belize dollar                           ,2006,1672400000.0
Benin,CFA franc                               ,2006,878500000000.0
Bhutan,Ngultum,2006,19411100000.0
Bolivia,boliviano                               ,2006,22606117683.0
Bosnia and Herzegovina,convertible marks,2006,21221000000.0
Botswana,pula                                    ,2006,10707773073.0
Brunei Darussalam,Brunei Dollar,2006,6856157000.0
Bulgaria,lev (re-denom. 1:1000),2006,40177665000.0
Burkina Faso,CFA Franc,2006,2498810000000.0
Cambodia,riel                                    ,2006,21033100000000.0
Cameroon,CFA franc,2006,6632080000000.0
Canada,Canadian dollar,2006,960827000000.0
Chad,CFA Franc,2006,1161230000000.0
Chile,Chilean peso                            ,2006,46677100000000.0
"China, Hong Kong Special Administrative Region",Hong Kong dollar,2006,973927000000.0
"China, Macao Special Administrative Region",pataca                                  ,2006,34433007185.0
Costa Rica,Costa Rican colon                       ,2006,1352670000000.0
Cuba,Cuban Peso,2006,35680450000.0
Cyprus,Cyprus pound,2006,5881800000.0
Czech Republic,Czech koruna,2006,1947560000000.0
Denmark,Danish krone,2006,1080760000000.0
Dominican Republic,Dominican peso,2006,258990000000.0
Ecuador,US dollar                               ,2006,16288600000.0
El Salvador,US dollars,2006,9139327276.0
Estonia,Estonian Kroon,2006,114902000000.0
Finland,1999 FIM euro / euro,2006,109136000000.0
France,1999 FRF euro / euro,2006,1288890000000.0
Germany,1999 DEM euro / euro,2006,1642850000000.0
Greece,2001 GRD euro / euro,2006,161010000000.0
Guinea,Guinean franc,2006,8129550000000.0
Honduras,lempira,2006,64517916884.0
Hungary,Forint,2006,13205800000000.0
Iceland,Icelandic króna       ,2006,726304000000.0
India,Indian rupee,2006,21329100000000.0
Indonesia,Indonesian Rupiah,2006,1224490000000000.0
Ireland,1999 IEP euro / euro      ,2006,71933430483.0
Israel,new sheqel                              ,2006,495242000000.0
Italy,1999 ITL euro / euro,2006,998571000000.0
Japan,yen,2006,400918000000000.0
Kazakhstan,tenge,2006,5176140000000.0
Kenya,Kenya Shillings,2006,1158800000000.0
"Korea, Republic of",Korean won,2006,470446000000000.0
Kyrgyzstan,Kyrgyz som                              ,2006,119615000000.0
Latvia,lats                                    ,2006,6643530000.0
Lesotho,loti                                    ,2006,4932497243.0
Lithuania,Litas,2006,63092333648.0
Luxembourg,1999 LUF Euro / Euro     ,2006,14949100000.0
Madagascar,Ariary,2006,478114000000.0
Malaysia,ringgit   ,2006,291750000000.0
Maldives,rufiyaa                                 ,2006,6977900000.0
Mali,CFA franc                               ,2006,1089090000000.0
Malta,Maltese liri,2006,1580665000.0
Mauritius,Mauritian rupee                         ,2006,73544000000.0
Mexico,Mexican new peso,2006,1516960000000.0
Mozambique,Metical,2006,66706100000000.0
Namibia,Namibia dollar                          ,2006,15830000000.0
Netherlands,Namibia dollar                          ,2006,330133000000.0
New Zealand,Namibia dollar                          ,2006,104846000000.0
Nicaragua,Namibia dollar                          ,2006,30410958633.0
Niger,Namibia dollar                          ,2006,1046110000000.0
Norway,Namibia dollar                          ,2006,981129000000.0
Oman,Namibia dollar                          ,2006,7265942211.0
Pakistan,Namibia dollar                          ,2006,4347420000000.0
Panama,Namibia dollar                          ,2006,11792000000.0
Papua New Guinea,Namibia dollar                          ,2006,5469582828.0
Paraguay,Namibia dollar                          ,2006,13069000000000.0
Peru,Namibia dollar                          ,2006,123842000000.0
Philippines,Namibia dollar                          ,2006,1080590000000.0
Poland,Namibia dollar                          ,2006,736181000000.0
Portugal,Namibia dollar                          ,2006,110936000000.0
Puerto Rico,Namibia dollar                          ,2006,11418000000.0
Republic of Moldova,Namibia dollar                          ,2006,44687551000.0
Romania,Namibia dollar                          ,2006,275648000000.0
Russian Federation,Namibia dollar                          ,2006,9395510000000.0
Saint Lucia,Namibia dollar                          ,2006,1506010000.0
Senegal,Namibia dollar                          ,2006,3833540000000.0
Sierra Leone,Namibia dollar                          ,2006,3788390000000.0
Singapore,Namibia dollar                          ,2006,107621000000.0
Slovakia,Namibia dollar                          ,2006,926680000000.0
Slovenia,Namibia dollar                          ,2006,5134900000000.0
South Africa,Namibia dollar                          ,2006,1016660000000.0
Spain,Namibia dollar                          ,2006,608606000000.0
Sri Lanka,Namibia dollar                          ,2006,1699240000000.0
Sweden,Namibia dollar                          ,2006,1859280000000.0
Switzerland,Namibia dollar                          ,2006,324305000000.0
Syrian Arab Republic,Namibia dollar                          ,2006,1028580000000.0
Tajikistan,Namibia dollar                          ,2006,7742200000.0
Tanzania - Mainland,Namibia dollar                          ,2006,11735500000000.0
Thailand,Namibia dollar                          ,2006,2524350000000.0
The former Yugoslav Republic of Macedonia,Namibia dollar                          ,2006,291105000000.0
Turkey,Namibia dollar                          ,2006,38183878362.0
Uganda,Namibia dollar                          ,2006,11729500000000.0
Ukraine,Namibia dollar                          ,2006,378902000000.0
United Kingdom,Namibia dollar                          ,2006,1026230000000.0
United States,Namibia dollar                          ,2006,9666500000000.0
Uruguay,Namibia dollar                          ,2006,286000000.0
Viet Nam,Namibia dollar                          ,2006,303520000000000.0
Zambia,Namibia dollar                          ,2006,3954490000000.0
Armenia,dram,2007,2484910000000.0
Austria,1999 ATS euro / euro,2007,174180000000.0
Azerbaijan,Azerbaijan new manat,2007,9796100000.0
Bangladesh,taka,2007,2165630000000.0
Belarus,Belarussian rouble (re-denom. 1:1000),2007,61416500000000.0
Belgium,1999 BEF euro / euro,2007,236555000000.0
Benin,CFA franc                               ,2007,906000000000.0
Bolivia,boliviano                               ,2007,23536324122.0
Botswana,pula                                    ,2007,11132215076.0
Burkina Faso,CFA Franc,2007,2629430000000.0
Cambodia,riel                                    ,2007,22500200000000.0
Chad,CFA Franc,2007,1201480000000.0
Chile,Chilean peso                            ,2007,50152600000000.0
Costa Rica,Costa Rican colon                       ,2007,1427270000000.0
Cuba,Cuban Peso,2007,35607300000.0
Cyprus,Cyprus pound,2007,6171280000.0
Denmark,Danish krone,2007,1104510000000.0
Ecuador,US dollar                               ,2007,17220540000.0
Finland,1999 FIM euro / euro,2007,112242000000.0
France,1999 FRF euro / euro,2007,1316340000000.0
Germany,1999 DEM euro / euro,2007,1645580000000.0
Greece,2001 GRD euro / euro,2007,161749000000.0
Honduras,lempira,2007,131712000000.0
Hungary,Forint,2007,12930400000000.0
Iceland,Icelandic króna       ,2007,755062000000.0
Indonesia,Indonesian Rupiah,2007,1284500000000000.0
Italy,1999 ITL euro / euro,2007,1012510000000.0
Kazakhstan,tenge,2007,6370270000000.0
"Korea, Republic of",Korean won,2007,492678000000000.0
Kyrgyzstan,Kyrgyz som                              ,2007,147382000000.0
Latvia,lats                                    ,2007,7479616000.0
Luxembourg,1999 LUF Euro / Euro     ,2007,15263800000.0
Madagascar,Ariary,2007,494803000000.0
Malaysia,ringgit   ,2007,320328000000.0
Maldives,rufiyaa                                 ,2007,6209500000.0
Mauritius,Mauritian rupee                         ,2007,76703000000.0
Nicaragua,Namibia dollar                          ,2007,31552851417.0
Niger,Namibia dollar                          ,2007,1083010000000.0
Norway,Namibia dollar                          ,2007,1035050000000.0
Pakistan,Namibia dollar                          ,2007,4513540000000.0
Poland,Namibia dollar                          ,2007,767124000000.0
Portugal,Namibia dollar                          ,2007,112030000000.0
Republic of Moldova,Namibia dollar                          ,2007,52916117000.0
Russian Federation,Namibia dollar                          ,2007,12908400000000.0
Singapore,Namibia dollar                          ,2007,112045000000.0
Slovenia,Namibia dollar                          ,2007,5440670000000.0
South Africa,Namibia dollar                          ,2007,1082970000000.0
Spain,Namibia dollar                          ,2007,630703000000.0
Sweden,Namibia dollar                          ,2007,1917710000000.0
Tanzania - Mainland,Namibia dollar                          ,2007,12517700000000.0
Turkey,Namibia dollar                          ,2007,79575569570.0
Ukraine,Namibia dollar                          ,2007,481909000000.0
United Kingdom,Namibia dollar                          ,2007,1055400000000.0
Uruguay,Namibia dollar                          ,2007,307000000.0
Viet Nam,Namibia dollar                          ,2007,332456000000000.0
Zambia,Namibia dollar                          ,2007,4104170000000.0
